{
    "answers": {
        "request001": {
            "relevance": [
                {
                    "docid": 2,
                    "rank": 1.0
                },
                {
                    "docid": 0,
                    "rank": 0.6666666865348816
                },
                {
                    "docid": 3,
                    "rank": 0.3333333432674408
                }
            ],
            "result": "true"
        },
        "request002": {
            "relevance": [
                {
                    "docid": 1,
                    "rank": 1.0
                },
                {
                    "docid": 3,
                    "rank": 0.20000000298023224
                }
            ],
            "result": "true"
        },
        "request003": {
            "relevance": [
                {
                    "docid": 0,
                    "rank": 1.0
                },
                {
                    "docid": 3,
                    "rank": 0.2857142984867096
                }
            ],
            "result": "true"
        },
        "request004": {
            "relevance": [
                {
                    "docid": 1,
                    "rank": 1.0
                },
                {
                    "docid": 3,
                    "rank": 0.4285714328289032
                },
                {
                    "docid": 2,
                    "rank": 0.1428571492433548
                }
            ],
            "result": "true"
        },
        "request005": {
            "relevance": [
                {
                    "docid": 2,
                    "rank": 1.0
                },
                {
                    "docid": 0,
                    "rank": 0.4285714328289032
                },
                {
                    "docid": 3,
                    "rank": 0.4285714328289032
                }
            ],
            "result": "true"
        }
    }
}